Москва и область;г. Москва;" Улица Охотный Ряд, д. 2, ТЦ ""Торговая галерея """;+7-495-660-10-76;;09:00-23:00
Москва и область;г. Москва;" Улица Большая Полянка, д. 28, корп. 1, ТЦ ""София""";+7-495-660-05-40/43/44;;08:00-23:00
Москва и область;г. Москва;" Улица Коровий Вал, д. 1, ТЦ ""Добрынинский""";+7-495-662-88-88, доб. 68240;;08:00-23:00
Москва и область;г. Москва; Улица Новый Арбат, д. 15;+7-495-660-04-87, доб. 102/103/105;;00:00-24:00
Москва и область;г. Москва;" Улица Шаболовка, д. 10К1, ТЦ ""Конкорд""";+7-495-662-88-88, доб. 68060;;09:00-24:00
Москва и область;г. Москва;" Проспект Мира, д. 33, корп. 1, ТЦ ""Олимпик Плаза""";+7-495-662-88-88, доб. 59751;;08:00-23:00
Москва и область;г. Москва;" Новослободская Улица, д. 4, ТЦ ""Дружба""";+7-495-984-07-15;;10:00-22:00
Москва и область;г. Москва; Протопоповский Переулок, д. 3;+7-499-213-30-57;;00:00-24:00
Москва и область;г. Москва;" Люсиновская Улица, д. 70С1, ТЦ ""Даниловский""";+7-495-660-04-96;;08:00-23:00
Москва и область;г. Москва;" Смоленская Площадь, д. 3, ТЦ ""Смоленский пассаж""";+7-495-580-93-45/46/47;;00:00-24:00
Москва и область;г. Москва; Тихвинская Улица, д. 3К1;+7-495-662-88-88, доб. 68388;;08:00-23:00
Москва и область;г. Москва;" Тишинская Площадь, д. 1, стр. 1, ТЦ ""Тишинка""";+7-495-660-05-47;;00:00-24:00
Москва и область;г. Москва;" Улица Земляной Вал, д. 33, ТЦ ""Атриум""";+7-495-641-33-94;;00:00-24:00
Москва и область;г. Москва;" Марксистская Улица, д. 1, ТЦ ""Гастроном Таганский""";+7-495-139-43-53 ;;08:00-23:00
Москва и область;г. Москва;" Улица Сущёвский Вал, д. 46, ТЦ ""Марьинский""";+7-495-780-03-27;;09:00-23:00
Москва и область;г. Москва;" Большая Тульская Улица, д. 2, ТЦ ""Корабль""";+7-495-662-88-88, доб. 68260;;08:00-23:00
Москва и область;г. Москва;" Шереметьевская Улица, д. 6, корп. 1, ТЦ ""Райкин Плаза""";+7-495-662-88-88, доб. 66770;;09:00-23:00
Москва и область;г. Москва;" Проспект Мира, д. 92, стр. 2, ТЦ ""Крестовский""";+7-800-200-95-55;;07:00-23:00
Москва и область;г. Москва;" Усачёва Улица, д. 2, стр. 1, ТЦ ""Автовилль""";+7-969-979-61-87;;00:00-24:00
Москва и область;г. Москва;" Столярный Переулок, д. 3, корп. 6, ТЦ ""Апельсин""";+7-495-789-95-36;;08:00-23:00
Москва и область;г. Москва;" 3-Й Крутицкий Переулок, д. 18, ТЦ ""МетроМаркет""";+7-495-662-88-88, доб. 63990;;00:00-24:00
Москва и область;г. Москва; Варшавское, д. 9, корп. 1, стр. Б;;;08:00-23:00
Москва и область;г. Москва;" Площадь Киевского Вокзала, д. 2, ТЦ ""Европейский""";+7-495-662-88-88, доб. 66470/473/474/473/479;;00:00-24:00
Москва и область;г. Москва; Большая Дорогомиловская Улица, д. 8;+7-495-662-88-88, доб. 68130;;00:00-24:00
Москва и область;г. Москва;" Улица Ленинская Слобода, д. 26, стр. 2, ТЦ ""Оранж Парк""";;;00:00-24:00
Москва и область;г. Москва;" Волгоградский Проспект, д. 1, ТЦ ""Волгоградский-1""";+7-495-662-88-88, доб. 63928;;08:00-23:00
Москва и область;г. Москва; Краснопрудная Улица, д. 13, корп. А;+7-495-213-31-67;;00:00-24:00
Москва и область;г. Москва;" Улица Радио, д. 11, ТЦ ""Столица""";+7-495-662-88-88, доб. 68954;;08:00-23:00
Москва и область;г. Москва;" Нижегородская Улица, д. 2К1, ТЦ ""Нижегородский пассаж""";+7-495-139-43-51, доб. 101;;00:00-24:00
Москва и область;г. Москва; Волгоградский Проспект, д. 18С1;+7-495-145-75-75,  доб. 66440;;09:00-23:00
Москва и область;г. Москва;" Волочаевская Улица, д. 12Ас1, ТЦ ""РТС""";+7-495-662-88-88, доб. 68370;;00:00-24:00
Москва и область;г. Москва; Проспект Мира, д. 122, стр. 1;+7-926-979-61-67;;00:00-24:00
Москва и область;;"Москва, Ленинградский пр-т, д.31А, стр.1, ТЦ ""Монарх""";+7-499-553-83-25, доб. 1;;08:00-23:00
Москва и область;г. Москва;" Варшавское Шоссе, д. 26, стр. 5, ТЦ ""For You""";+7-499-271-15-91, доб. 63962;;08:00-23:00
Москва и область;г. Москва; Ладожская Улица, д. 13, стр. 1;+7-499-553-82-47;;00:00-24:00
Москва и область;г. Москва; Шмитовский Проезд, д. 16, корп. 2;+7-495-580-93-36;;00:00-24:00
Москва и область;г. Москва;" Театральная Аллея, д. 3, стр. 1, ТЦ ""Динамо""";+7-495-580-93-27;;08:00-23:00
Москва и область;г. Москва;" Тимирязевская Улица, д. 2/3, ТЦ ""Парк 11""";+7-495-213-30-62;;08:00-23:00
Москва и область;;"Сокольническая пл. 9 А, ТЦ ""Престиж М""";+7-495-662-88-88, доб. 60920;;08:00-23:00
Москва и область;г. Москва; Улица Кибальчича, д. 12, корп. 2;+7-495-662-88-88, доб. 38960;;09:00-23:00
Москва и область;г. Москва;" Нагатинская Улица, д. 16, ТЦ ""Конфетти""";+7-499-962-80-66;;08:00-24:00
Москва и область;г. Москва; Яблочкова, д. 19;+7-499-553-82-82, доб. 101;;00:00-24:00
Москва и область;г. Москва;" Преображенская Набережная, д. 2, ТЦ ""Афимолл Сити""";+7-495-662-88-88, доб. 63976;;08:30-23:00
Москва и область;г. Москва;" Дмитровское Шоссе, д. 13К1, ТЦ ""МетроМаркет""";+7-495-662-88-88, доб. 65084;;08:00-23:00
Москва и область;г. Москва;" Проспект Андропова, д. 22, ТЦ ""Нора""";+7-495-662-88-88, доб. 66410;;08:00-23:00
Москва и область;г. Москва; Улица Милашенкова, д. 8;+7-495-662-88-88, доб. 68559;;00:00-24:00
Москва и область;г. Москва; Средняя Калитниковская Улица, д. 28, стр. 4;+7-495-662-88-88, доб. 21530;;08:00-20:00
Москва и область;г. Москва; Новочерёмушкинская Улица, д. 26, корп. 1;+7-499-662-88-88, доб. 63592;;00:00-24:00
Москва и область;г. Москва;" Ленинградский Проспект, д. 37Б, ТЦ ""Старт""";+7-495-139-26-12, доб. 59735;;08:00-23:00
Москва и область;г. Москва;" Проезд Завода Серп И Молот, д. 10, ТЦ ""Интеграл""";+7-800-200-95-55;;08:00-23:00
Москва и область;г. Москва;" Проспект Андропова, д. 36, ТЦ ""Гвоздь-2""";+7-495-775-76-90/95/96;;00:00-24:00
Москва и область;г. Москва;" Большая Семёновская Улица, д. 16, ТЦ ""Серебряный дом""";+7-495-502-91-29, доб. 101;;09:00-23:00
Москва и область;г. Москва; Проспект Мира, д. 188Б, корп. 2;+7-495-662-88-88, доб. 63088;;00:00-24:00
Москва и область;г. Москва; Болотниковская, д. 30;;;8:00-23:00
Москва и область;г. Москва; Улица Вавилова, д. 69/75;+7-926-979-61-92;;00:00-24:00
Москва и область;г. Москва;" Улица Вавилова, д. 69/75, ТЦ ""Вавилон""";+7-499-962-80-64;;08:00-23:00
Москва и область;г. Москва;" Улица Вавилова, д. 66, ТЦ ""Триумфальный""";+7-495-580-72-14/15/16;;00:00-24:00
Москва и область;г. Москва; Лазоревый, д. 5, корп. 5;;;08:00-23:00
Москва и область;г. Москва;" Варшавское Шоссе, д. 87Б, ТЦ ""Варшавский""";+7-495-225-94-25/26/27;;00:00-24:00
Москва и область;г. Москва; Чонгарский Бульвар, д. 16, корп. 1;;;08:00-23:00
Москва и область;г. Москва;" Хорошёвское Шоссе, д. 27, ТЦ ""Хорошо""";+7-495-662-88-88, доб. 60880;;10:00-24:00
Москва и область;г. Москва;" 2-Я Улица Синичкина, д. 9А, ТЦ ""Синица Плаза""";+7-495-662-88-88;;08:00-23:00
Москва и область;г. Москва; Ялтинская Улица, д. 2;+7-495-662-88-88, доб. 68042;;08:00-23:00
Москва и область;г. Москва;" Улица Гарибальди, д. 23, ТЦ ""Панорама""";+7-495-662-88-88, доб. 63556;;00:00-24:00
Москва и область;г. Москва;" Краснобогатырская, д. 90, стр. 2, ТЦ ""Наследие""";+7-800-200-95-55;;08:00-23:00
Москва и область;г. Москва;" Азовская Улица, д. 24, ТЦ ""Азовский""";+7-495-139-12-92;;09:00-23:00
Москва и область;г. Москва;" Алтуфьевское Шоссе, д. 8, ТЦ ""Алтуфьевский""";+7-495-580-93-32;;08:00-23:00
Москва и область;г. Москва; Коломенская Улица, д. 7;+7-499-662-88-88, доб. 65064;;00:00-24:00
Москва и область;г. Москва; Улица Хачатуряна, д. 7;+7-926-979-61-21;;00:00-24:00
Москва и область;г. Москва; Береговой Проезд, д. 5, корп. 1;+7-800-200-95-55;;08:00-23:00
Москва и область;г. Москва; Улица Намёткина, д. 3;;;08:00-23:00
Москва и область;;Москва, Щербаковская ул., д.7А;+7-495-662-88-88, доб. 68500;;00:00-24:00
Москва и область;г. Москва;" д. 1К2, ТЦ ""Авентура""";+7-495-502-91-26;;08:00-23:00
Москва и область;г. Москва;" Пролетарский Проспект, д. 19К1, ТЦ ""Надежда""";+7-495-662-88-88, доб. 63569;;00:00-24:00
Москва и область;г. Москва;" Проезд Дежнёва, д. 23, ТЦ ""Вавилон-92""";+7-499-553-81-25;;08:00-23:00
Москва и область;г. Москва;" Проезд Дежнёва, д. 21, ТЦ ""EGOmall""";+7-495-662-88-88, доб. 66680;;00:00-24:00
Москва и область;г. Москва; Ярославское Шоссе, д. 12, корп. 2;+7-800-200-95-55;;08:00-23:00
Москва и область;г. Москва;" Ленинградский Проспект, д. 80К17, ТЦ ""Алмазный""";+7-495-662-88-88, доб. 63596;;09:00-23:00
Москва и область;г. Москва;" Профсоюзная Улица, д. 61А, ТЦ ""Калужский""";+7-495-662-88-88, доб. 66640;;10:00-23:00
Москва и область;;"Москва, Алтуфьевское шоссе, д.40Д, ТЦ ""Отрадное""";+7-495-641-36-19/20/21;;08:00-24:00
Москва и область;г. Москва; Улица Римского-Корсакова, д. 20;+7-495-662-88-88, доб. 68283;;00:00-24:00
Москва и область;г. Москва; Варшавское Шоссе, д. 124, корп. 1;+7-499-271-12-82, доб. 65025;;08:00-24:00
Москва и область;г. Москва;" Кантемировская Улица, д. 6К1, ТЦ ""Манго""";+7-495-662-88-88, доб. 68110;;08:00-23:00
Москва и область;г. Москва; Филевская 2-Я, д. 14;+7-499-662-88-88, доб. 68530;;08:00-23:00
Москва и область;г. Москва; Кавказский Бульвар, д. 26;+7-495-662-88-88, доб. 66779;;00:00-24:00
Москва и область;г. Москва; Полярная Улица, д. 21;;;08:00-23:00
Москва и область;г. Москва;" Кировоградская Улица, д. 14, ТЦ ""Глобал Сити""";+7-495-662-88-88, доб. 66730  ;;09:00-23:00
Москва и область;г. Москва; Ленинский Проспект, д. 99;+7-499-790-78-25;;09:00-23:00
Москва и область;г. Москва;" Улица Академика Челомея, д. 3, корп. 2, ТЦ ""БЦ Академика Челомея""";+7-966-075-24-99;;00:00-24:00
Москва и область;;"Сухонская ул. 9а , ТЦ ""Огни Столицы""";+7-495-662-88-88, доб. 68410;;08:00-23:00
Москва и область;г. Москва;" Улица Плещеева, д. 4, ТЦ ""Бибирево""";+7-495-139-43-47;;00:00-24:00
Москва и область;г. Москва; Улица Юных Ленинцев, д. 12;+7-495-662-88-88, доб. 66396;;00:00-24:00
Москва и область;г. Москва; Луганская Улица, д. 5А;+7-929-590-75-47;;09:00-23:00
Москва и область;г. Москва;" Минская Улица, д. 14, стр. А, ТЦ ""Мини Молл""";+7-495-662-88-88, доб. 79028/ 79020;;00:00-24:00
Москва и область;г. Москва;" Дмитровское Шоссе, д. 89, ТЦ ""ХL""";+7-495-789-89-65/66/69;;09:00-24:00
Москва и область;г. Москва;" Улица Пришвина, д. 22, ТЦ ""Александр Лэнд""";+7-495-662-88-88, доб. 66970;;09:00-23:00
Москва и область;г. Москва; Улица Раменки, д. 3;+7-495-641-26- 70;;00:00-24:00
Москва и область;г. Москва; Керамический Проезд, д. 51, корп. 2;;;08:00-23:00
Москва и область;г. Москва;" Открытое Шоссе, д. 9, ТЦ ""Подсолнухи""";+7-495-641-26-71/72/73;;09:00-23:00
Москва и область;г. Москва;" Ленинский Проспект, д. 109, ТЦ ""РИО""";+7-495-662-88-88, доб. 60892;;09:00-23:00
Москва и область;г. Москва; Улица Лобачевского, д. 2;+7-495-915-88-24;;08:00-23:00
Москва и область;г. Москва;" Дубнинская Улица, д. 30, ТЦ ""Петровский""";+7-495-662-88-88, доб. 66381;;00:00-24:00
Москва и область;г. Москва;" Измайловское Шоссе, д. 71, корп. А, ТЦ ""АСТ""";+7-495-662-88-88, доб. 63501/505/506/507;;09:00-24:00
Москва и область;г. Москва;" Алтуфьевское Шоссе, д. 70К1, ТЦ ""Маркос Молл""";+7-495-502-91-32;;09:00-23:00
Москва и область;г. Москва; Онежская Улица, д. 20;+7-800-200-95-55;;09:00 – 23:00
Москва и область;г. Москва; Заревый Проезд, д. 14/12;+7-495-662-88-88, доб. 66700;;00:00-24:00
Москва и область;г. Москва;" Лескова, д. 19А, ТЦ ""ТЦ Гран-Плюс""";;;00:00-24:00
Москва и область;г. Москва; Широкая Улица, д. 9К1;+7-495-662-88-88, доб. 65042;;00:00-24:00
Москва и область;г. Москва;" Кутузовский Проспект, д. 57 Вл3, ТЦ ""Океания""";+7-495-662-88-88, доб. 66461;;08:00-23:00
Москва и область;г. Москва; Улица Миклухо-Маклая, д. 37;+7-495-660-05-00/02/03;;00:00-24:00
Москва и область;г. Москва;" Улица Маршала Бирюзова, д. 32, ТЦ ""Пятая Авеню""";+7-495-580-92-83/84/86;;00:00-24:00
Москва и область;;"Москва, Удальцова ул., д.42, ТЦ ""Магнит""";+7-495-580-93-66/67/68;;00:00-24:00
Москва и область;г. Москва;" Щелковское шоссе, 2а, ТЦ ""БЦ Дельта""";+7-495-662-88-88, доб. 63077;;08:00-23:00
Москва и область;г. Москва;" Улица Малыгина, д. 7, ТЦ ""Ньюдэл""";+7-495-662-88-88, доб. 68570;;08:00-23:00
Москва и область;г. Москва; Улица Удальцова, д. 85, корп. 5;+7-495-662-88-88, доб. 60750;;08:00-23:00
Москва и область;г. Москва;" Россошанский Проезд, д. 3, ТЦ ""Прага""";+7-495-662-88-88, доб. 63401/402/404;;00:00-24:00
Москва и область;г. Москва;" Профсоюзная Улица, д. 118, ТЦ ""Тропа""";+7-495-987-22-18, доб. 101;;08:00-23:00
Москва и область;г. Москва; Череповецкая Улица, д. 17;+7-495-660-05-30;;00:00-24:00
Москва и область;г. Москва; Совхозная Улица, д. 8;+7-495-662-88-88, доб. 68230;;08:00-23:00
Москва и область;г. Москва; Онежская Улица, д. 34;+7-495-662-88-88 доб. 68548;;09:00-23:00
Москва и область;г. Москва; Славянский Бульвар, д. 9К1;+7-499-553-81-19;;00:00-24:00
Москва и область;г. Москва; Нежинская Улица, д. 6, корп. 1;+7-495-662-88-88;;09:00-24:00
Москва и область;г. Москва;" Алтуфьевское Шоссе, д. 95, ТЦ ""Огни Столицы""";+7-495-662-88-88, доб. 68580;;08:00-23:00
Москва и область;г. Москва;" Зеленодольская Улица, д. 40, ТЦ ""Будапешт""";+7-495-662-88-88, доб. 68070;;00:00-24:00
Москва и область;;Москва, Академика Янгеля ул., д.8А;+7-495-662-88-88, доб. 66810;;09:00-23:00
Москва и область;г. Москва; Борисовский Проезд, д. 3К1;+7-495-662-88-88, доб. 59660;;08:00-23:00
Москва и область;;"Москва, ул. Люблинская, 102А, ТЦ ""Марьинский Пассаж""";+7-495-662-88-88, доб. 60570;;08:00-23:00
Москва и область;г. Москва; Улица Академика Капицы, д. 34/121;+7-495-123-65-00;;09:00-23:00
Москва и область;г. Москва;" Лобненская Улица, д. 4, стр. А, ТЦ ""Зиг-Заг""";+7-495-662-88-88, доб. 60832;;08:00-23:00
Москва и область;г. Москва;" Литовский Бульвар, д. 22, ТЦ ""Ясенево""";+7-495-139-12-89;;00:00-24:00
Москва и область;г. Москва; Домодедовская Улица, д. 12;+7-499-553-80-07/08/09;;00:00-24:00
Москва и область;г. Москва; Братиславская Улица, д. 12;+7-499-553-83-05/06/07;;08:00-23:00
Москва и область;г. Москва;" Люблинская Улица, д. 169, корп. 2, ТЦ ""МариЭль""";+7-495-662-88-88, доб. 63559/63560/63561;;09:00-23:00
Москва и область;г. Москва; Никитинская Улица, д. 11;+7-800-200-95-55;;08:00-23:00
Москва и область;;Москва, Ясногорская ул., д. 2;+7-495-139-12-90;;00:00-24:00
Москва и область;г. Москва;" Проспект Вернадского, д. 86, стр. А, ТЦ ""Авеню""";+7-495-662-88-88, доб. 68311;;09:00-23:00
Москва и область;г. Москва;" Улица Островитянова, д. 7, ТЦ ""Офисное здание СУ-155""";+7-495-662-88-88, доб. 68390;;00:00-24:00
Москва и область;г. Москва; Рязанский Проспект, д. 28С1;+7-495-660-05-05/07/08/09;;00:00-24:00
Москва и область;г. Москва; Бирюлёвская, д. 21, корп. 1;;;08:30-23:00
Москва и область;г. Москва; Коровинское Шоссе, д. 24, корп. 1;+7-800-200-95-55;;08:00-23:00
Москва и область;г. Москва; Липецкая Улица, д. 16/14, корп. 1;+7-495-145-75-75;;08:00-23:00
Москва и область;г. Москва;" Новоясеневский Проспект, д. 11, ТЦ ""Золотой Вавилон""";+7-495-987-22-06;;09:00-23:00
Москва и область;г. Москва;" Медынская Улица, д. 7, ТЦ ""Южный Полюс""";+7-495-662-88-88, доб. 66160;;00:00-24:00
Москва и область;г. Москва;" Улица Мичуринский Проспект, Олимпийская Деревня, д. 3, корп. 1, ТЦ ""Фестиваль""";+7-495-662-88-88, доб. 66400;;08:00-23:00
Москва и область;г. Москва; Габричевского, д. 10, корп. 3;+7-495-662-88-88, доб. 36562;;09:00-23:00
Москва и область;г. Москва;" Варшавское Шоссе, д. 160, ТЦ ""Галерея Атлантис""";+7-499-662-88-88, доб. 66750;;09:00-23:00
Москва и область;г. Москва; Новомарьинская Улица, д. 14/15;+7-495-662-88-88, доб. 66170;;08:00-23:00
Москва и область;г. Москва; Улица Паустовского, д. 6К1;+7-495-915-88-05;;00:00-24:00
Москва и область;г. Москва;" Кутузовский Проспект, д. 88, ТЦ ""Квадро""";+7-495-662-88-88, доб. 67565;;00:00-24:00
Москва и область;г. Москва; 3-Я Парковая Улица, д. Вл24;+7-495-662-88-88, доб. 63060 ;;08:00-23:00
Москва и область;г. Москва;" Улица Паперника, д. 9, ТЦ ""Петровский""";+7-495-662-88-88, доб. 59707;;08:00-23:00
Москва и область;г. Москва;" Ореховый Бульвар, д. 15, ТЦ ""Галерея Водолей""";+7-495-662-88-88, доб. 63610;;08:00-23:00
Москва и область;г. Москва;" Улица Покрышкина, д. 5, ТЦ ""Никулино""";+7-499-213-04-68;;00:00-24:00
Москва и область;г. Москва; Мячковский Бульвар, д. 18К1;+7-495-139-12-94;;08:00-24:00
Москва и область;г. Москва;" Улица Мусы Джалиля, д. 6К2, ТЦ ""Петровский""";+7-495-139-26-11, доб. 66152;;00:00-24:00
Москва и область;г. Москва;" Первомайская Улица, д. 42, ТЦ ""Измайловский""";+7-495-139-43-55;;09:00-23:00
Москва и область;г. Москва;" Домодедовская Улица, д. 28, ТЦ ""Белград""";+7-495-662-88-88, доб. 68270/68272/68274;;08:00-23:00
Москва и область;г. Москва;" Голубинская Улица, д. 28, ТЦ ""Фестивальный""";+7-495-642-08-40/41/42;;08:00-23:00
Москва и область;г. Мытищи; Троицкая, д. 7;;;08.00-23.00
Москва и область;;"Москва, Фестивальная ул., д.2Б, ТЦ ""Речной""";+7-495-662-88-88, доб. 67802/803;;07:00-02:00
Москва и область;г. Москва; Лебедянская Улица, д. 14, корп. 2;+7-800-200-95-55;;08:00-23:00
Москва и область;г. Москва; Братиславская Улица, д. 27, корп. 1;+7-499-553-82-66/65/64;;08:00-23:00
Москва и область;г. Москва; Шипиловская Улица, д. 50, корп. 1;+7-495-662-88-88, доб. 63578/63577/63579;;00:00-24:00
Москва и область;г. Москва;" Бирюлёвская Улица, д. 51, ТЦ ""Девелопмент""";+7-495-662-88-88, доб. 60730/31/32/33/37/39;;00:00-24:00
Москва и область;г. Мытищи;" Улица Селезнёва, д. 33, ТЦ ""Перловский """;+7-495-662-88-88, доб. 60742;;08:00-23:00
Москва и область;г. Москва; Востряковский Проезд, д. 17А;+7-499-553-82-62/61;;09:00-23:00
Москва и область;г. Москва; Голубинская Улица, д. 5, корп. 1;+7-495-660-05-25/26/27;;00:00-24:00
Москва и область;г. Мытищи;" Лётная, д. 40А, ТЦ ""Норфа""";+7-495-662-88-88, доб. 60860;;08:00-23:00
Москва и область;;"Перовская ул. 61А , ТЦ ""Карамель""";+7-499-553-82-75, доб. 101;;08:00-23:00
Москва и область;г. Мытищи;" Новомытищинский, д. 49, корп. 1, ТЦ ""ТЦ Мытищи""";+7-495-662-88-88, доб. 66940;;00:00-24:00
Москва и область;г. Москва; Липецкая Улица, д. 7А;+7-495-662-88-88, доб. 65790;;00:00-24:00
Москва и область;г. Москва;" Улица Академика Анохина, д. 58, ТЦ ""Патриот""";+7-495-662-88-88, доб. 66220;;08:00-23:00
Москва и область;г. Москва; Академика Скрябина, д. 30, корп. 1;+7-495-662-88-88, доб. 36680;;08:00-23:00
Москва и область;г. Москва; Улица Генерала Тюленева, д. 2;+7-495-662-88-88, доб. 65850;;00:00-24:00
Москва и область;г. Москва; Байкальская Улица, д. 12;+7-800-200-95-55;;08:30-23:00
Москва и область;г. Москва;" Улица Маршала Федоренко, д. 12, ТЦ ""Бусиново""";+7-495-662-88-88, доб. 68520;;09:00-23:00
Москва и область;г. Москва;" Елецкая Улица, д. 15, ТЦ ""Девелопмент""";+7-495-662-88-88, доб. 68225;;08:00-24:00
Москва и область;г. Москва; Улица Генерала Тюленева, д. 25, корп. 1;+7-495-915-84-69;;08:00-23:00
Москва и область;г. Москва; Старокачаловская Улица, д. 1, корп. Б;+7-495-662-88-88, доб. 65780;;00:00-24:00
Москва и область;г. Москва;" Кустанайская Улица, д. 6, ТЦ ""Столица""";+7-495-987-22-03;;08:00-24:00
Москва и область;;"Мытищи, Новомытищинский пр-т, д.31А, ТЦ ""Водолей """;+7-495-662-88-88, доб. 72040;;08:00-23:00
Москва и область;г. Москва; Улица Грина, д. 7;+7-495-662-88-88, доб. 68004;;00:00-24:00
Москва и область;г. Мытищи; Щербакова, д. 2, корп. 1;+7-495-566-5911/566-08-77;;08:00-23:00
Москва и область;г. Москва;" Сормовская Улица, д. 6, ТЦ ""Сормовский""";+7-495-662-88-88, доб. 66621;;00:00-24:00
Москва и область;г. Мытищи;" Улица Мира, д. 30, ТЦ ""Петра""";+7-495-662-88-88, доб. 63090;;08:00-23:00
Москва и область;г. Москва; Фрязевская Улица, д. 3, корп. 1;+7-495-662-34-36;;00:00-24:00
Москва и область;г. Москва;" Сходненская Улица, д. 56, ТЦ ""Калейдоскоп""";+7-499-962-80-65;;10:00-24:00
Москва и область;г. Москва;" Можайское Шоссе, д. 31К1, ТЦ ""Молодежный""";+7-495-662-88-88, доб. 68340;;08:00-23:00
Москва и область;г. Москва;" Свободный Проспект, д. 33, ТЦ ""Перовский""";+7-495-660-01-92/93/94;;00:00-24:00
Москва и область;г. Москва; Сходненская Улица, д. 25;+7-495-662-88-88, доб. 66850;;08:00-23:00
Москва и область;г. Москва; Улица Свободы, д. 75;+7-800-200-95-55;;09:00-23:00
Москва и область;;"Москва, Вешняковская ул., д.22А, ТЦ ""Вешняковский пассаж""";+7-495-783-43-28, доб. 101;;00:00-24:00
Москва и область;г. Москва; Вешняковская Улица, д. 18;+7-495-662-88-88, доб. 66231;;09:00-23:00
Москва и область;г. Москва; Осенний Бульвар, д. 12, корп. 1;+7-495-662-88-88-12, доб. 72060;;00:00-24:00
Москва и область;г. Москва;" Улица Маршала Катукова, д. 25, ТЦ ""Солнечный ветер""";+7-495-213-30-56;;08:00-24:00
Москва и область;г. Москва;" Саянская Улица, д. 8, корп. А, ТЦ ""Столица""";+7-495-580-93-93;;00:00-24:00
Москва и область;;"д.Румянцево, стр. 1, ТЦ ""Румянцево""";+7-495-580-93-25/26/29;;00:00-24:00
Москва и область;г. Москва; Улица Героев Панфиловцев, д. 7;+7-495-662-88-88, доб. 68120;;09:00-23:00
Москва и область;г. Москва;" Планерная Улица, д. 7, ТЦ ""Планерная""";+7-495-775-76-91;;09:00-23:00
Москва и область;г. Москва; Скобелевская Улица, д. 24;+7-499-553-80-58/59/60;;00:00-24:00
Москва и область;г. Москва;" Рублёвское, д. 52А, ТЦ ""ТЦ Западный""";;;08:00-23:00
Москва и область;;Москва, Адмирала Ушакова б-р, д.7;+7-495-662-88-88, доб. 65753;;08:00-23:00
Москва и область;г. Мытищи; Рождественская, д. 11;+7-499-271-12-82, доб. 68473;;08:00-23:00
Москва и область;г. Видное;" Солнечный, д. 10, ТЦ ""Курс""";+7-495-662-88-88, доб. 66336;;00:00-24:00
Москва и область;г. Мытищи;" Шараповский Проезд, д. 2, ТЦ ""Красный Кит""";+7-499-204-10-14;;09:00-23:00
Москва и область;г. Москва;" Хабаровская Улица, д. 15, ТЦ ""Манго""";+7-495-662-88-88, доб. 68201;;08:00-23:00
Москва и область;;Кудрявцева ул. 4;+7-495-660-25-27;;08:00-23:00
Москва и область;г. Москва; Венёвская Улица, д. 15;+7-495-662-88-88, доб. 65770;;08:00-23:00
Москва и область;г. Москва;" Маршала Катукова, д. 18, ТЦ ""Бенефис""";+7-495-662-88-88, доб. 63520;;09:00-23:00
Москва и область;г. Мытищи;" Олимпийский, д. 21, ТЦ ""ТЦ Олимп""";+7-495-662-88-88, доб. 68481;;00:00-24:00
Москва и область;г. Москва;" Улица Адмирала Лазарева, д. 24, ТЦ ""Успех""";+7-495-642-67-08;;08:00-23:00
Москва и область;г. Видное; Ленинского Комсомола, д. 1В;+7-495-966-02-30/32;;08:00-24:00
Москва и область;г. Мытищи;" Олимпийский, д. 10, ТЦ ""Альта""";;;00:00-24:00
Москва и область;г. Москва; Таллинская Улица, д. 7;+7-495-662-88-88, доб. 66860;;00:00-24:00
Москва и область;г. Видное;" Радужная, д. 2, ТЦ ""Ларец""";+7-800-200-95-55;;08:00-23:00
Москва и область;г. Москва;" Строгинский Бульвар, д. 1К2, ТЦ ""Лукоморье""";+7-495-662-88-88, доб. 68018;;08:00-24:00
Москва и область;г. Коммунарка; Улица Александры Монаховой, д. 30, стр. 2;+7-495-145-75-75;;00:00-24:00
Москва и область;;Улица Александры Монаховой, д. 30С2;+7-495-145-75-75;;00:00-24:00
Москва и область;г. Видное; Березовая, д. 8;;;08:00-23:00
Москва и область;г. Москва; Улица Адмирала Лазарева, д. 52;+7-495-783-98-42/43/44;;00:00-24:00
Москва и область;г. Москва;" Солнцевский Проспект, д. 21, ТЦ ""Столица""";+7-495-662-88-88, доб. 63980;;08:00-23:00
Москва и область;г. Долгопрудный;" Старое Дмитровское, д. 2, стр. 1, ТЦ ""Норд""";+7-495-643-12-45;;09:00-23:00
Москва и область;г. Москва; Молодёжная Улица, д. 2;+7-495-662-88-88, доб. 67571;;08:00-24:00
Москва и область;г. Москва; Жулебинский Бульвар, д. 6/11;+7-495-662-88-88, доб. 60990;;00:00-24:00
Москва и область;г. Балашиха;" д. 2, ТЦ ""Восточный Ветер""";+7-495-662-88-88, доб. 66420;;09:00-21:00
Москва и область;г. Москва;" Боровское Шоссе, д. 6, ТЦ ""Солнечный""";+7-495-662-88-88, доб. 66480;;00:00-24:00
Москва и область;г. Москва; Новокосинская Улица, д. 10К2;+7-499-553-82-86;;08:00-23:00
Москва и область;;"Москва, Новокосинская ул., д.14А, ТЦ ""Новый век""";+7-495-642-64-81/82/83/84/85;;00:00-24:00
Москва и область;г. Реутов;" Улица Октября, д. Вл10, ТЦ ""Экватор""";+7-495-662-88-88, доб. 60840;;09:00-23:00
Москва и область;г. Москва;" Лермонтовский Проспект, д. 19К2, ТЦ ""Феникс""";+7-499-553-80-33;;08:00-23:00
Москва и область;;"Реутов, Южная ул., д.10А, ТЦ ""Курс""";+7-495-662-88-88, доб. 63663/63664/63667;;00:00-24:00
Москва и область;г. Сосенки;" Сосновая, д. 6, ТЦ ""Уютный Дом""";+7-495-580-97-53/54/55;;00:00-24:00
Москва и область;г. Москва; Улица Генерала Кузнецова, д. 25К1;+7-495-662-88-88, доб. 66610;;00:00-24:00
Москва и область;г. Москва;" Пятницкое Шоссе, д. 3, ТЦ ""Пятница""";+7-499-553-82-68, доб. 101;;08:00-23:00
Москва и область;г. Химки; 9 Мая, д. 8А;+7-495-662-88-88, доб. 79480;;09:00-23:00
Москва и область;г. Пирогово; Совхозная, д. 20Г;+7-495-662-88-88, доб. 63514;;08:00-23:00
Москва и область;г. Москва; Улица Маршала Полубоярова, д. 16К1;+7-495-662-88-88, доб. 66740;;00:00-24:00
Москва и область;г. Щербинка;" Новостроевская Улица, д. 6, ТЦ ""Галерея Щербинка""";;;08:00-23:00
Москва и область;г. Реутов; Юбилейный, д. 41;+7-495-661-41-68;;08:00-23:00
Москва и область;г. Москва; Новокосинская, д. 47;;;08:00-23:00
Москва и область;г. Щербинка;" Железнодорожная Улица, д. 44, ТЦ ""Акварель""";+7-495-847-69-87;;08:00-23:00
Москва и область;г. Красногорск; Подмосковный Бульвар, д. 9;+7-495-662-88-88, доб. 66960;;00:00-24:00
Москва и область;г. Янтарный;" Кольцевая, д. 3, корп. 2, ТЦ ""ТЦ Янтарный""";+7-495-662-88-88, доб. 79322;;09:00-23:00
Москва и область;г. Москва;" Воротынская Улица, д. 18, ТЦ ""Манго""";+7-499-271-12-82, доб. 68157;;09:00-23:00
Москва и область;г. Москва; Митинская, д. 21;+7-495-662-88-88, доб. 59640 ;;08:00-23:00
Москва и область;г. Красногорск;" Ильинское, д. 1А, ТЦ ""Красногорск Плаза""";+7-495-665-35-80 ;;00:00-24:00
Москва и область;г. Москва;" Дубравная Улица, д. 34/29, ТЦ ""Ладья""";+7-495-662-88-88, доб. 68180;;00:00-24:00
Москва и область;г. Москва; Улица Генерала Белобородова, д. 14К1;+7-495-662-88-88, доб. 68590;;08:00-24:00
Москва и область;г. Королев; Проспект Королёва, д. 6Г;+7-800-200-95-55;;08:00-23:00
Москва и область;г. Красногорск;" Знаменская, д. 5, ТЦ ""Июнь""";+7-495-662-88-88, доб. 67799/67801;;08:00-24:00
Москва и область;г. Москва; Соколово-Мещерская Улица, д. 29;+7-495-662-88-88, доб. 67473/67474/67475;;09:00-23:00
Москва и область;г. Люберцы;" Октябрьский, д. 146, ТЦ ""West Project Ltd""";+7-499-553-81-06;;00:00-24:00
Москва и область;г. Москва;" Боровское Шоссе, д. 35, ТЦ ""Петровский""";+7-495-139-26-12, доб. 66180;;00:00-24:00
Москва и область;г. Люберцы;" Улица Побратимов, д. 7, ТЦ ""Светофор""";+7-495-662-88-88, доб. 63340;;10:00-22:00
Москва и область;г. Москва; Ангелов Переулок, д. 7;+7-495-984-07-14, доб. 101;;08:00-23:00
Москва и область;г. Королев; Лесная Улица, д. 12;+7-800-200-95-55;;08:00-23:00
Москва и область;г. Одинцово;" Улица Чистяковой, д. 3, ТЦ ""Твин Кидс""";+7-495-662-88-88, доб. 68360;;08:00-23:00
Москва и область;г. Москва; Боровское Шоссе, д. 46;+7-495-662-88-88, доб. 65780;;08:00-24:00
Москва и область;г. Королев;" Космонавтов, д. 41, корп. 1, ТЦ ""Виртус""";+7-495-662-88-88, доб. 66720;;00:00-24:00
Москва и область;г. Москва; Улица Скульптора Мухиной, д. 12;+7-495-668-22-22, доб. 66890;;08:00-24:00
Москва и область;г. Московский;" Солнечная Улица, д. 3, ТЦ ""Радуга""";+7-499-553-81-46;;00:00-24:00
Москва и область;г. Королев; Космонавтов, д. 12А;;;00:00-24:00
Москва и область;г. Красногорск;" Ленина, д. 2, ТЦ ""Красный Кит""";+7-499-213-34-37;;08:00-24:00
Москва и область;г. Люберцы; Новорязанского Шоссе 23-Й Км, д. 9;;;09:00-23:00 
Москва и область;г. Королев; Горького, д. 79, корп. 13;;;09:00-23:00
Москва и область;г. Одинцово;" Можайское Шоссе, д. 159, ТЦ ""Курс""";+7-495-662-88-88, доб. 63618/617;;00:00-24:00
Москва и область;;"Балашиха, Энтузиастов шоссе, 36, А, ТЦ ""Вертикаль""";+7-495-662-88-88, доб. 65072;;00:00-24:00
Москва и область;г. Одинцово;" Белорусская Улица, д. 5, ТЦ ""Манго""";+7-495-662-88-88, доб. 59610;;09:00-23:00
Москва и область;г. Подольск;" Советская Улица, д. 20/44, ТЦ ""Советский""";+7-495-662-88-88, доб. 59620;;08:00-23:00
Москва и область;г. Балашиха;" Зелёная Улица, д. 32К2, ТЦ ""Жемчужина""";+7-495-984-07-78;;09:00-23:00
Москва и область;г. Балашиха;" Центральная Улица, д. 68С1, ТЦ ""Первый Мебельный""";+7-495-580-93-94, доб. 66920;;08:00-24:00
Москва и область;;Улица Лётчика Ульянина, д. 5;+7-495-662-88-88, доб. 60870;;09:00-23:00
Москва и область;г. Подольск;" Свердлова, д. 26, ТЦ ""Галерея""";+7-495-660-73-26/27/28;;08:00-23:00
Москва и область;;2-ой км Егорьевского шоссе 1;+7-499-553-80-82;;08:00-23:00
Москва и область;г. Балашиха; Речная Улица, д. 3;+7-495-662-88-88;;08:00-23:00
Москва и область;г. Подольск; Улица Машиностроителей, д. 22;+7-499-662-88-88, доб. 67599;;08:30-23:00
Москва и область;г. Подольск;" Ленинградская, д. 21, ТЦ ""Западный""";+7-495-622-88-88, доб. 60580;;08:00-22:00
Москва и область;г. Балашиха; Свердлова, д. 7;+7-495-662-88-88, доб. 66034;;00:00-24:00
Москва и область;;"Новосходненское Шоссе, д. 140, ТЦ ""Идея""";+7-499-657-96-02;;09:00-24:00
Москва и область;г. Москва;" Улица Маршала Неделина, д. 6, ТЦ ""О'Парк""";+7-495-662-88-88, доб. 63011;;09:00-23:00
Москва и область;г. Одинцово;" Озёрная Улица, д. 115, ТЦ ""Конфитюр""";+7-495-739-75-23, доб. 1311;;00:00-24:00
Москва и область;;Искровский с.о. стр.2 А;+7-495-662-88-88, доб. 66362;;00:00-24:00
Москва и область;;"Ленина ул. стр. 11 , ТЦ ""Ильинский""";+7-499-685-14-16;;09:00-23:00
Москва и область;г. Москва;" Щаповское поселение, село Ознобишино, ТЦ ""Грин Парк""";+7-499-213-31-78, доб. 101;;09:00-23:00
Москва и область;г. Балашиха; Пролетарская, д. 2/2;;;09:00-23:00
Москва и область;г. Подольск;" Первомайская, д. 35, ТЦ ""Гран Сити""";+7-495-915-83-46;;09:00-22:00
Москва и область;г. Троицк;" Городская Улица, д. Вл6, ТЦ ""Троицк""";+7-495-730-24-20;;08:00-24:00
Москва и область;г. Железнодорожный; Юбилейная, д. 6;+7-498-662-88-88, доб. 79081;;09:00-23:00
Москва и область;г. Щелково;" Пролетарский Проспект, д. 4, корп. 3, ТЦ ""Ладья""";+7-800-200-95-55;;08:00-23:00
Москва и область;г. Щёлково;" Пролетарский Проспект, д. 10, ТЦ ""КЭМП""";+7-495-510-26-86/88;;08:00-23:00
Москва и область;г. Дачный Посёлок Лесной Городок;" Центральная Улица, д. 8, ТЦ ""Городок""";+7-495-221-60-85;;00:00-24:00
Москва и область;г. Внииссок;" Кленовая, д. 1, ТЦ ""Атлас""";+7-495-662-88-88, доб. 68321/68322/68323/68324/68325/68326/68327;;09:00-23:00
Москва и область;;"17 , ТЦ ""Универмаг Наш""";+7-495-915-83-18;;00:00-24:00
Москва и область;;КИЗ Горки-8 275;+7-495-662-88-88, доб. 67926/67927;;00:00-24:00
Москва и область;;"ГП-3 стр.25 , ТЦ ""Lille""";+7-495-580-93-97;;09:00-23:00
Москва и область;;Луговая ул. вл.20А стр.1;+7-495-662-88-88, доб. 68140;;09:00-23:00
Москва и область;г. Зеленоград; Центральный Проспект, д. К407;+7-495-662-88-88, доб. 68491;;08:00-23:00
Москва и область;г. Зеленоград;" Площадь Юности, д. 2, стр. 1, ТЦ ""Юность""";+7-495-922-88-19;;09:00-24:00
Москва и область;г. Нахабино;" Школьная, д. 2, ТЦ ""Арбуз""";+7-495-566-59-33;;00:00-24:00
Москва и область;г. Зеленоград; д. К124;+7-495-725-10-90;;08:00-24:00
Москва и область;г. Жуковский;" Баженова, д. 2А, ТЦ ""Авиатор""";+7-499-657-95-96;;09:00-22:00
Москва и область;;Новинки, Павлово-Подворье ул., стр.2;+7-495-662-88-88, доб. 63602;;00:00-24:00
Москва и область;г. Зеленоград; д. К900;+7-495-662-88-88, доб. 63050;;00:00-24:00
Москва и область;г. Жуковский; Улица Гагарина, д. 65/7;+7-499-553-82-90;;08:00-24:00
Москва и область;;п. Марушкино, д. Большое Свинорье, Боровское шоссе;+7-495-662-88-88, доб. 63040;;09:00-23:00
Москва и область;г. Дедовск;" Ногина, д. 4, ТЦ ""Либерти""";+7-499-553-83-10;;00:00-24:00
Москва и область;г. Дедовск; Победы, д. 1;+7-499-551-05-71;;07:00-23:00
Москва и область;г. Зеленоград; д. К1549;+7-495-213-03-65;;00:00-24:00
Москва и область;г. Зеленоград; Новокрюковская, д. 1471, корп. Б;;;08:00-23:00
Москва и область;г. Зеленоград;" д. К1446, ТЦ ""Столица""";+7-495-660-20-97;;08:00-24:00
Москва и область;г. Павловская Слобода; Ленина, д. 73;+7-495-662-88-88, доб. 57520;;08:00-23:00
Москва и область;г. Посёлок Горки-10;" д. 23, ТЦ ""Новый""";+7-495-662-88-88, доб. 59630;;09:00-23:00
Москва и область;;"без ул. 30 А, ТЦ ""Новый""";+7-495-933-82-02;;00:00-24:00
Москва и область;г. Чехов;" Московская, д. 96, ТЦ ""Карнавал""";+7-496-726-50-73;;10:00-24:00
Москва и область;г. Раменское;" Вокзальная, д. 4, стр. Б, ТЦ ""Солнечный""";+7-495-662-88-88, доб. 66320;;08:00-24:00
Москва и область;г. Алабино; Санаторная, д. 74;+7-495-662-88-88, доб. 66430;;08:00-23:00
Москва и область;г. Голицыно;" Привокзальная, д. 5, ТЦ ""Новый""";+7-499-271-78-04;;08:00-23:00
Москва и область;г. Раменское;" Донинское, д. 16, ТЦ ""Коралл""";+7-495-643-12-44;;09:00-23:00
Москва и область;;"Вознесенская ул. 32 А, ТЦ ""Счастливая 7Я""";+7-495-139-26-12;;10:00-22:00
Москва и область;г. Звенигород; Комарова, д. 21;+7-499-553-80-86;;00:00-24:00
Москва и область;г. Сергиев Посад;" Новоугличское, д. 58Б, ТЦ ""Перекресток""";+7-495-739-74-96;;09:00-22:00
Москва и область;г. Солнечногорск;" Красная, д. 154, ТЦ ""Магистраль""";+7-929-520-81-33;;00:00-24:00
Москва и область;г. Электросталь;" Ялагина, д. 3, ТЦ ""Дельта""";+7-495-662-88-88, доб. 63690;;09:00-23:00
Москва и область;;с/пос. Бужаровское, д. Сафонтьево, 62;+7-495-662-88-88;;09:00-23:00
Москва и область;г. Электросталь; Улица Мира, д. 22;+7-800-200-95-55;;08:00-23:00
Москва и область;г. Давыдовское; Дачная;+7-495-662-88-88, доб. 59560;;09:00-23:00
Москва и область;г. Ногинск;" Улица 3-Го Интернационала, д. 62, ТЦ ""Богородский""";+7-499-553-80-92;;08:00-23:00
Москва и область;г. Серпухов;" Московское Шоссе, д. 55, ТЦ ""Б-Класс""";+7-495-580-93-05/06/09;;09:00-22:00
Москва и область;г. Серпухов;" Борисовское, д. 1, ТЦ ""Корстон""";+7-495-984-07-24, доб. 102/103/105;;09:00-22:00
Москва и область;г. Верзилово; Новое Ступино Мкр Петра Великого, стр. 1;+7-495-662-88-88, доб. 67891;;08:00-23:00
Москва и область;;"73 км Киевского шоссе  , ТЦ ""Полимикс""";+7-495-662-88-88, доб. 63925;;08:00-23:00
Москва и область;г. Протвино;" Улица Ленина, д. 22, ТЦ ""Слава""";+7-495-739-26-05;;09:00-23:00
Москва и область;г. Ступино;" Улица Горького, д. 26, ТЦ ""Ока""";+7-495-660-05-48;;08:00-23:00
Москва и область;г. Клин;" Советская Площадь, д. 5/7, ТЦ ""Счастливая 7Я""";+7-495-662-88-88, доб. 60860;;10:00-22:00
Москва и область;г. Клин;" Карла Маркса, д. 4, ТЦ ""Дарья""";+7-499-553-84-58;;10:00-22:00
Москва и область;г. Дубна;" Проспект Боголюбова, д. 13, ТЦ ""Чернореченский """;+7-495-662-88-88, доб. 68567;;08:00-24:00
Москва и область;;"Боголюбова пр-кт 24А , ТЦ ""Маяк""";+7-495-775-30-45, доб. 8011;;10:00-22:00
Москва и область;г. Коломна;" Советская Площадь, д. 8, ТЦ ""Глобус""";+7-495-662-88-88, доб. 67918;;08:00-24:00
Москва и область;г. Коломна;" 800-Летия Коломны, д. 14, ТЦ ""Самохвал""";+7-4966-139-43-45;;09:00-23:00
Москва и область;г. Коломна;" Октябрьской Революции, д. 362, ТЦ ""Рио""";+7-495-662-88-88, доб. 63623/63624/63625;;10:00-23:00
Москва и область;г. Коломна;" Восстания, д. 7, ТЦ ""ТЦ Кадо""";+7-495-662-88-88, доб. 66373;;08:00-24:00
Москва и область;г. Орехово-Зуево;" Улица Ленина, д. 78, ТЦ ""Орех""";+7-495-580-93-87/88/89;;08:00-24:00
Москва и область;г. Волоколамск;" Парковая, д. 22, ТЦ ""Центр города""";+7-495-662-88-88, доб. 63841/63842/63843;;10:00-22:00
